{"SitRelax": 23.328556060791016, "Sit": 17.439656019210815, "Rotation_foot_LLeg": 12.602598190307617, "StandInit": 2.242698907852173, "DanceMove": 6.080874919891357, "Rhythm": 2.9388630390167236, "Diagonal_right": 3.560405969619751, "StayingAlive": 5.948097229003906, "ComeOn": 4.58452296257019, "Crouch": 3.916534185409546, "Glory": 3.239187002182007, "Dab": 3.0969791412353516, "Joy": 4.455672025680542, "Rotation_foot_RLeg": 9.810805082321167, "Move_forward": 5.43743896484375, "ArmDance": 11.562221050262451, "Union_arms": 8.776902914047241, "Rotation_handgun_object": 4.0685341358184814, "AirGuitar": 5.283719062805176, "Diagonal_left": 3.5252439975738525, "Arms_opening": 8.77191710472107, "Move_backward": 3.9441280364990234, "Bow": 4.600379943847656, "Stand": 28.686625957489014, "Right_arm": 10.04946494102478, "StandZero": 17.143331050872803, "Hello": 4.648897886276245, "Clap": 4.019695997238159, "WipeForehead": 5.0995659828186035, "PulpFiction": 5.735073089599609, "Double_movement": 7.55151104927063, "BlowKisses": 4.299928903579712}